{
"lengthUnit": "mil",
"remark": [],
"components": {
	"fields": ["COMPONENT_NO", "COMPONENT_NAME", "LAYER", "X_COORDINATE", "Y_COORDINATE", "ANGLE"],
	"rows": [
		[1, "C1", "T", 444.1715, -1130.7236, 270],
		[2, "C2", "T", 400, -850, 90],
		[3, "C3", "T", 1100, -1400, 0],
		[4, "C4", "T", 1200, -1200, 90],
		[5, "C5", "T", -1400, 500, 90],
		[6, "D1", "T", 1150, 800, 90],
		[7, "Pins1", "T", 1700, 1600, 90],
		[8, "Pins2", "T", 1700, -1600, 90],
		[9, "Pins3", "T", -1700, -1600, 270],
		[10, "Pins4", "T", -1700, 1600, 270],
		[11, "R1", "T", 700, 700, 0],
		[12, "R2", "T", 700, 850, 0],
		[13, "R3", "T", 700, 1000, 0],
		[14, "SCREW1", "T", 0, 1259.8425, 0],
		[15, "SCREW2", "T", 1259.8425, 0, 0],
		[16, "SCREW3", "T", 0, -1259.8425, 0],
		[17, "SCREW4", "T", -1259.8425, 0, 0],
		[18, "U3", "T", 0, -866.1418, 270],
		[19, "U4", "T", 0, 0, 90],
		[20, "U5", "B", 750, -1000, 0],
		[21, "PAD1", "T", -1800, 350, 0],
		[22, "PAD1", "B", -1800, 350, 0],
		[23, "PAD2", "T", -1800, 150, 0],
		[24, "PAD2", "B", -1800, 150, 0],
		[25, "PAD3", "T", -1800, -50, 0],
		[26, "PAD3", "B", -1800, -50, 0],
		[27, "PAD4", "T", -1800, -250, 0],
		[28, "PAD4", "B", -1800, -250, 0],
		[29, "PAD5", "T", 1150, -1750, 0],
		[30, "PAD5", "B", 1150, -1750, 0],
		[31, "PAD6", "T", 1150, 1750, 0],
		[32, "PAD6", "B", 1150, 1750, 0],
		[33, "PAD7", "T", -1150, 1750, 0],
		[34, "PAD7", "B", -1150, 1750, 0],
		[35, "PAD8", "T", -1150, -1750, 0],
		[36, "PAD8", "B", -1150, -1750, 0],
		[37, "PAD9", "T", 0, 1259.8425, 0],
		[38, "PAD9", "B", 0, 1259.8425, 0],
		[39, "PAD10", "T", 1259.8425, 0, 0],
		[40, "PAD10", "B", 1259.8425, 0, 0],
		[41, "PAD11", "T", 0, -1259.8425, 0],
		[42, "PAD11", "B", 0, -1259.8425, 0],
		[43, "PAD12", "T", -1259.8425, 0, 0],
		[44, "PAD12", "B", -1259.8425, 0, 0],
		[45, "PAD13", "T", 150, -816.1418, 0],
		[46, "PAD13", "B", 150, -816.1418, 0],
		[47, "PAD14", "T", 150, -916.1418, 0],
		[48, "PAD14", "B", 150, -916.1418, 0],
		[49, "PAD15", "T", 50, -816.1418, 0],
		[50, "PAD15", "B", 50, -816.1418, 0],
		[51, "PAD16", "T", 50, -916.1418, 0],
		[52, "PAD16", "B", 50, -916.1418, 0],
		[53, "PAD17", "T", -50, -816.1418, 0],
		[54, "PAD17", "B", -50, -816.1418, 0],
		[55, "PAD18", "T", -50, -916.1418, 0],
		[56, "PAD18", "B", -50, -916.1418, 0],
		[57, "PAD19", "T", -150, -816.1418, 0],
		[58, "PAD19", "B", -150, -816.1418, 0],
		[59, "PAD20", "T", 1700, 1500, 0],
		[60, "PAD20", "B", 1700, 1500, 0],
		[61, "PAD21", "T", 1700, 1700, 0],
		[62, "PAD21", "B", 1700, 1700, 0],
		[63, "PAD22", "T", -1700, -1500, 0],
		[64, "PAD22", "B", -1700, -1500, 0],
		[65, "PAD23", "T", -1700, -1700, 0],
		[66, "PAD23", "B", -1700, -1700, 0],
		[67, "PAD24", "T", -1700, 1700, 0],
		[68, "PAD24", "B", -1700, 1700, 0],
		[69, "PAD25", "T", -1700, 1500, 0],
		[70, "PAD25", "B", -1700, 1500, 0],
		[71, "PAD26", "T", 1700, -1700, 0],
		[72, "PAD26", "B", 1700, -1700, 0],
		[73, "PAD27", "T", 1700, -1600, 0],
		[74, "PAD27", "B", 1700, -1600, 0],
		[75, "PAD28", "T", 1700, -1500, 0],
		[76, "PAD28", "B", 1700, -1500, 0],
		[77, "PAD29", "B", 861.61, -909.45, 0],
		[78, "PAD30", "B", 861.61, -1090.55, 0],
		[79, "PAD31", "B", 638.39, -1000, 0],
		[80, "PAD32", "T", 444.1715, -1091.3536, 0],
		[81, "PAD32", "B", 444.1715, -1091.3536, 0],
		[82, "PAD33", "T", 444.1715, -1170.0936, 0],
		[83, "PAD33", "B", 444.1715, -1170.0936, 0],
		[84, "PAD34", "T", 400, -948.425, 0],
		[85, "PAD34", "B", 400, -948.425, 0],
		[86, "PAD35", "T", 400, -751.575, 0],
		[87, "PAD35", "B", 400, -751.575, 0],
		[88, "PAD36", "T", 1001.575, -1400, 0],
		[89, "PAD36", "B", 1001.575, -1400, 0],
		[90, "PAD37", "T", 1198.425, -1400, 0],
		[91, "PAD37", "B", 1198.425, -1400, 0],
		[92, "PAD38", "T", 1200, -1239.37, 0],
		[93, "PAD38", "B", 1200, -1239.37, 0],
		[94, "PAD39", "T", 1200, -1160.63, 0],
		[95, "PAD39", "B", 1200, -1160.63, 0],
		[96, "PAD40", "T", -899.6063, 500, 0],
		[97, "PAD40", "B", -899.6063, 500, 0],
		[98, "PAD41", "T", -699.6063, 500, 0],
		[99, "PAD41", "B", -699.6063, 500, 0],
		[100, "PAD42", "T", -399.6063, 500, 0],
		[101, "PAD42", "B", -399.6063, 500, 0],
		[102, "PAD43", "T", -299.6063, 500, 0],
		[103, "PAD43", "B", -299.6063, 500, 0],
		[104, "PAD44", "T", -199.6063, 500, 0],
		[105, "PAD44", "B", -199.6063, 500, 0],
		[106, "PAD45", "T", -99.6063, 500, 0],
		[107, "PAD45", "B", -99.6063, 500, 0],
		[108, "PAD46", "T", 0.3937, 500, 0],
		[109, "PAD46", "B", 0.3937, 500, 0],
		[110, "PAD47", "T", 100.3937, 500, 0],
		[111, "PAD47", "B", 100.3937, 500, 0],
		[112, "PAD48", "T", 300.3937, 500, 0],
		[113, "PAD48", "B", 300.3937, 500, 0],
		[114, "PAD49", "T", 500.3937, 500, 0],
		[115, "PAD49", "B", 500.3937, 500, 0],
		[116, "PAD50", "T", 600.3937, 500, 0],
		[117, "PAD50", "B", 600.3937, 500, 0],
		[118, "PAD51", "T", 900.3937, -500, 0],
		[119, "PAD51", "B", 900.3937, -500, 0],
		[120, "PAD52", "T", 400.3937, -500, 0],
		[121, "PAD52", "B", 400.3937, -500, 0],
		[122, "PAD53", "T", 200.3937, -500, 0],
		[123, "PAD53", "B", 200.3937, -500, 0],
		[124, "PAD54", "T", 100.3937, -500, 0],
		[125, "PAD54", "B", 100.3937, -500, 0],
		[126, "PAD55", "T", 0, -500, 0],
		[127, "PAD55", "B", 0, -500, 0],
		[128, "PAD56", "T", -99.6063, -500, 0],
		[129, "PAD56", "B", -99.6063, -500, 0],
		[130, "PAD57", "T", -199.6063, -500, 0],
		[131, "PAD57", "B", -199.6063, -500, 0],
		[132, "PAD58", "T", -899.6063, -500, 0],
		[133, "PAD58", "B", -899.6063, -500, 0],
		[134, "PAD59", "T", 1150, 800, 0],
		[135, "PAD59", "B", 1150, 800, 0],
		[136, "PAD60", "T", 1150, 849.9999, 0],
		[137, "PAD60", "B", 1150, 849.9999, 0],
		[138, "PAD61", "T", 1150, 899.9998, 0],
		[139, "PAD61", "B", 1150, 899.9998, 0],
		[140, "PAD62", "T", 1150, 949.9997, 0],
		[141, "PAD62", "B", 1150, 949.9997, 0],
		[142, "PAD63", "T", 500, 700, 0],
		[143, "PAD63", "B", 500, 700, 0],
		[144, "PAD64", "T", 900, 700, 0],
		[145, "PAD64", "B", 900, 700, 0],
		[146, "PAD65", "T", 500, 850, 0],
		[147, "PAD65", "B", 500, 850, 0],
		[148, "PAD66", "T", 900, 850, 0],
		[149, "PAD66", "B", 900, 850, 0],
		[150, "PAD67", "T", 500, 1000, 0],
		[151, "PAD67", "B", 500, 1000, 0],
		[152, "PAD68", "T", 900, 1000, 0],
		[153, "PAD68", "B", 900, 1000, 0],
		[154, "PAD69", "T", -1400, 460.63, 0],
		[155, "PAD69", "B", -1400, 460.63, 0],
		[156, "PAD70", "T", -1400, 539.37, 0],
		[157, "PAD70", "B", -1400, 539.37, 0]
	]
},
"pins": {
	"fields": ["PIN_NO", "PIN_NAME", "PIN_X", "PIN_Y", "LAYER", "PIN_TYPE", "NET_NAME", "NET_TYPE", "PAD_SHAPE", "PAD_SIZEX", "PAD_SIZEY", "HOLE_SIZE", "HOLE_LEN", "PAD_ANGLE"],
	"rows": [
		[1, "C1_1", 444.1715, -1091.3536, "T", "DIP", "$1N6269", "", "C", 51.181, 51.181, 31.496, 31.496, 270],
		[2, "C1_1", 444.1715, -1091.3536, "B", "DIP", "$1N6269", "", "C", 51.181, 51.181, 31.496, 31.496, 270],
		[3, "C1_2", 444.1715, -1170.0936, "T", "DIP", "GND", "GND", "R", 51.181, 51.181, 31.496, 31.496, 270],
		[4, "C1_2", 444.1715, -1170.0936, "B", "DIP", "GND", "GND", "R", 51.181, 51.181, 31.496, 31.496, 270],
		[5, "C2_1", 400, -948.425, "T", "DIP", "$1N6269", "", "C", 59.055, 59.055, 31.496, 31.496, 90],
		[6, "C2_1", 400, -948.425, "B", "DIP", "$1N6269", "", "C", 59.055, 59.055, 31.496, 31.496, 90],
		[7, "C2_2", 400, -751.575, "T", "DIP", "GND", "GND", "R", 59.055, 59.055, 31.496, 31.496, 90],
		[8, "C2_2", 400, -751.575, "B", "DIP", "GND", "GND", "R", 59.055, 59.055, 31.496, 31.496, 90],
		[9, "C3_1", 1001.575, -1400, "T", "DIP", "GND", "GND", "R", 59.055, 59.055, 31.496, 31.496, 0],
		[10, "C3_1", 1001.575, -1400, "B", "DIP", "GND", "GND", "R", 59.055, 59.055, 31.496, 31.496, 0],
		[11, "C3_2", 1198.425, -1400, "T", "DIP", "+5V", "", "C", 59.055, 59.055, 31.496, 31.496, 0],
		[12, "C3_2", 1198.425, -1400, "B", "DIP", "+5V", "", "C", 59.055, 59.055, 31.496, 31.496, 0],
		[13, "C4_1", 1200, -1239.37, "T", "DIP", "+5V", "", "C", 51.181, 51.181, 31.496, 31.496, 90],
		[14, "C4_1", 1200, -1239.37, "B", "DIP", "+5V", "", "C", 51.181, 51.181, 31.496, 31.496, 90],
		[15, "C4_2", 1200, -1160.63, "T", "DIP", "GND", "GND", "R", 51.181, 51.181, 31.496, 31.496, 90],
		[16, "C4_2", 1200, -1160.63, "B", "DIP", "GND", "GND", "R", 51.181, 51.181, 31.496, 31.496, 90],
		[17, "C5_1", -1400, 460.63, "T", "DIP", "PIN_3V3", "", "C", 51.181, 51.181, 31.496, 31.496, 90],
		[18, "C5_1", -1400, 460.63, "B", "DIP", "PIN_3V3", "", "C", 51.181, 51.181, 31.496, 31.496, 90],
		[19, "C5_2", -1400, 539.37, "T", "DIP", "GND", "GND", "C", 51.181, 51.181, 31.496, 31.496, 90],
		[20, "C5_2", -1400, 539.37, "B", "DIP", "GND", "GND", "C", 51.181, 51.181, 31.496, 31.496, 90],
		[21, "D1_1", 1150, 800, "T", "DIP", "$1N5182", "", "O", 42.1259, 70.866, 35.433, 35.433, 90],
		[22, "D1_1", 1150, 800, "B", "DIP", "$1N5182", "", "O", 42.1259, 70.866, 35.433, 35.433, 90],
		[23, "D1_2", 1150, 849.9999, "T", "DIP", "GND", "GND", "R", 42.1259, 70.866, 35.433, 35.433, 90],
		[24, "D1_2", 1150, 849.9999, "B", "DIP", "GND", "GND", "R", 42.1259, 70.866, 35.433, 35.433, 90],
		[25, "D1_3", 1150, 899.9998, "T", "DIP", "$1N5193", "", "O", 42.1259, 70.866, 35.433, 35.433, 90],
		[26, "D1_3", 1150, 899.9998, "B", "DIP", "$1N5193", "", "O", 42.1259, 70.866, 35.433, 35.433, 90],
		[27, "D1_4", 1150, 949.9997, "T", "DIP", "$1N5198", "", "O", 42.1259, 70.866, 35.433, 35.433, 90],
		[28, "D1_4", 1150, 949.9997, "B", "DIP", "$1N5198", "", "O", 42.1259, 70.866, 35.433, 35.433, 90],
		[29, "Pins1_1", 1700, 1500, "T", "DIP", "GND", "GND", "R", 53.1496, 53.1496, 35.4331, 35.4331, 90],
		[30, "Pins1_1", 1700, 1500, "B", "DIP", "GND", "GND", "R", 53.1496, 53.1496, 35.4331, 35.4331, 90],
		[31, "Pins1_2", 1700, 1600, "T", "DIP", "NET_1", "", "C", 53.1496, 53.1496, 35.4331, 35.4331, 90],
		[32, "Pins1_2", 1700, 1600, "B", "DIP", "NET_1", "", "C", 53.1496, 53.1496, 35.4331, 35.4331, 90],
		[33, "Pins1_3", 1700, 1700, "T", "DIP", "$1N5902", "", "C", 53.1496, 53.1496, 35.4331, 35.4331, 90],
		[34, "Pins1_3", 1700, 1700, "B", "DIP", "$1N5902", "", "C", 53.1496, 53.1496, 35.4331, 35.4331, 90],
		[35, "Pins2_1", 1700, -1700, "T", "DIP", "GND", "GND", "R", 53.1496, 53.1496, 35.4331, 35.4331, 90],
		[36, "Pins2_1", 1700, -1700, "B", "DIP", "GND", "GND", "R", 53.1496, 53.1496, 35.4331, 35.4331, 90],
		[37, "Pins2_2", 1700, -1600, "T", "DIP", "+5V", "", "C", 53.1496, 53.1496, 35.4331, 35.4331, 90],
		[38, "Pins2_2", 1700, -1600, "B", "DIP", "+5V", "", "C", 53.1496, 53.1496, 35.4331, 35.4331, 90],
		[39, "Pins2_3", 1700, -1500, "T", "DIP", "$1N5914", "", "C", 53.1496, 53.1496, 35.4331, 35.4331, 90],
		[40, "Pins2_3", 1700, -1500, "B", "DIP", "$1N5914", "", "C", 53.1496, 53.1496, 35.4331, 35.4331, 90],
		[41, "Pins3_1", -1700, -1500, "T", "DIP", "GND", "GND", "R", 53.1496, 53.1496, 35.4331, 35.4331, 270],
		[42, "Pins3_1", -1700, -1500, "B", "DIP", "GND", "GND", "R", 53.1496, 53.1496, 35.4331, 35.4331, 270],
		[43, "Pins3_2", -1700, -1600, "T", "DIP", "NET_2", "", "C", 53.1496, 53.1496, 35.4331, 35.4331, 270],
		[44, "Pins3_2", -1700, -1600, "B", "DIP", "NET_2", "", "C", 53.1496, 53.1496, 35.4331, 35.4331, 270],
		[45, "Pins3_3", -1700, -1700, "T", "DIP", "$1N5924", "", "C", 53.1496, 53.1496, 35.4331, 35.4331, 270],
		[46, "Pins3_3", -1700, -1700, "B", "DIP", "$1N5924", "", "C", 53.1496, 53.1496, 35.4331, 35.4331, 270],
		[47, "Pins4_1", -1700, 1700, "T", "DIP", "GND", "GND", "R", 53.1496, 53.1496, 35.4331, 35.4331, 270],
		[48, "Pins4_1", -1700, 1700, "B", "DIP", "GND", "GND", "R", 53.1496, 53.1496, 35.4331, 35.4331, 270],
		[49, "Pins4_2", -1700, 1600, "T", "DIP", "NET_3", "", "C", 53.1496, 53.1496, 35.4331, 35.4331, 270],
		[50, "Pins4_2", -1700, 1600, "B", "DIP", "NET_3", "", "C", 53.1496, 53.1496, 35.4331, 35.4331, 270],
		[51, "Pins4_3", -1700, 1500, "T", "DIP", "$1N6032", "", "C", 53.1496, 53.1496, 35.4331, 35.4331, 270],
		[52, "Pins4_3", -1700, 1500, "B", "DIP", "$1N6032", "", "C", 53.1496, 53.1496, 35.4331, 35.4331, 270],
		[53, "R1_1", 500, 700, "T", "DIP", "$1N6088", "", "C", 74, 74, 35.4, 35.4, 0],
		[54, "R1_1", 500, 700, "B", "DIP", "$1N6088", "", "C", 74, 74, 35.4, 35.4, 0],
		[55, "R1_2", 900, 700, "T", "DIP", "$1N5182", "", "C", 74, 74, 35.4, 35.4, 0],
		[56, "R1_2", 900, 700, "B", "DIP", "$1N5182", "", "C", 74, 74, 35.4, 35.4, 0],
		[57, "R2_1", 500, 850, "T", "DIP", "$1N6122", "", "C", 74, 74, 35.4, 35.4, 0],
		[58, "R2_1", 500, 850, "B", "DIP", "$1N6122", "", "C", 74, 74, 35.4, 35.4, 0],
		[59, "R2_2", 900, 850, "T", "DIP", "$1N5193", "", "C", 74, 74, 35.4, 35.4, 0],
		[60, "R2_2", 900, 850, "B", "DIP", "$1N5193", "", "C", 74, 74, 35.4, 35.4, 0],
		[61, "R3_1", 500, 1000, "T", "DIP", "$1N6105", "", "C", 74, 74, 35.4, 35.4, 0],
		[62, "R3_1", 500, 1000, "B", "DIP", "$1N6105", "", "C", 74, 74, 35.4, 35.4, 0],
		[63, "R3_2", 900, 1000, "T", "DIP", "$1N5198", "", "C", 74, 74, 35.4, 35.4, 0],
		[64, "R3_2", 900, 1000, "B", "DIP", "$1N5198", "", "C", 74, 74, 35.4, 35.4, 0],
		[65, "SCREW1_1", 0, 1259.8425, "T", "DIP", "GND", "GND", "C", 177.1654, 177.1654, 157.4803, 157.4803, 0],
		[66, "SCREW1_1", 0, 1259.8425, "B", "DIP", "GND", "GND", "C", 177.1654, 177.1654, 157.4803, 157.4803, 0],
		[67, "SCREW2_1", 1259.8425, 0, "T", "DIP", "GND", "GND", "C", 177.1654, 177.1654, 157.4803, 157.4803, 0],
		[68, "SCREW2_1", 1259.8425, 0, "B", "DIP", "GND", "GND", "C", 177.1654, 177.1654, 157.4803, 157.4803, 0],
		[69, "SCREW3_1", 0, -1259.8425, "T", "DIP", "GND", "GND", "C", 177.1654, 177.1654, 157.4803, 157.4803, 0],
		[70, "SCREW3_1", 0, -1259.8425, "B", "DIP", "GND", "GND", "C", 177.1654, 177.1654, 157.4803, 157.4803, 0],
		[71, "SCREW4_1", -1259.8425, 0, "T", "DIP", "GND", "GND", "C", 177.1654, 177.1654, 157.4803, 157.4803, 0],
		[72, "SCREW4_1", -1259.8425, 0, "B", "DIP", "GND", "GND", "C", 177.1654, 177.1654, 157.4803, 157.4803, 0],
		[73, "U3_1", 150, -816.1418, "T", "DIP", "GND", "GND", "R", 60, 60, 36, 36, 270],
		[74, "U3_1", 150, -816.1418, "B", "DIP", "GND", "GND", "R", 60, 60, 36, 36, 270],
		[75, "U3_2", 150, -916.1418, "T", "DIP", "$1N6269", "", "C", 60, 60, 36, 36, 270],
		[76, "U3_2", 150, -916.1418, "B", "DIP", "$1N6269", "", "C", 60, 60, 36, 36, 270],
		[77, "U3_3", 50, -816.1418, "T", "DIP", "$1N4211", "", "C", 60, 60, 36, 36, 270],
		[78, "U3_3", 50, -816.1418, "B", "DIP", "$1N4211", "", "C", 60, 60, 36, 36, 270],
		[79, "U3_4", 50, -916.1418, "T", "DIP", "$1N4221", "", "C", 60, 60, 36, 36, 270],
		[80, "U3_4", 50, -916.1418, "B", "DIP", "$1N4221", "", "C", 60, 60, 36, 36, 270],
		[81, "U3_5", -50, -816.1418, "T", "DIP", "$1N4228", "", "C", 60, 60, 36, 36, 270],
		[82, "U3_5", -50, -816.1418, "B", "DIP", "$1N4228", "", "C", 60, 60, 36, 36, 270],
		[83, "U3_6", -50, -916.1418, "T", "DIP", "$1N4246", "", "C", 60, 60, 36, 36, 270],
		[84, "U3_6", -50, -916.1418, "B", "DIP", "$1N4246", "", "C", 60, 60, 36, 36, 270],
		[85, "U3_7", -150, -816.1418, "T", "DIP", "$1N4237", "", "C", 60, 60, 36, 36, 270],
		[86, "U3_7", -150, -816.1418, "B", "DIP", "$1N4237", "", "C", 60, 60, 36, 36, 270],
		[87, "U3_8", -150, -916.1418, "T", "DIP", "NET_4", "", "C", 60, 60, 36, 36, 270],
		[88, "U3_8", -150, -916.1418, "B", "DIP", "NET_4", "", "C", 60, 60, 36, 36, 270],
		[89, "U4_1", -899.6063, -500, "T", "DIP", "PIN_3V3", "", "C", 78.7402, 78.7402, 39.3701, 39.3701, 90],
		[90, "U4_1", -899.6063, -500, "B", "DIP", "PIN_3V3", "", "C", 78.7402, 78.7402, 39.3701, 39.3701, 90],
		[91, "U4_2", -799.6063, -500, "T", "DIP", "NET_5", "", "C", 78.7402, 78.7402, 39.3701, 39.3701, 90],
		[92, "U4_2", -799.6063, -500, "B", "DIP", "NET_5", "", "C", 78.7402, 78.7402, 39.3701, 39.3701, 90],
		[93, "U4_3", -699.6063, -500, "T", "DIP", "NET_6", "", "C", 78.7402, 78.7402, 39.3701, 39.3701, 90],
		[94, "U4_3", -699.6063, -500, "B", "DIP", "NET_6", "", "C", 78.7402, 78.7402, 39.3701, 39.3701, 90],
		[95, "U4_4", -599.6063, -500, "T", "DIP", "NET_7", "", "C", 78.7402, 78.7402, 39.3701, 39.3701, 90],
		[96, "U4_4", -599.6063, -500, "B", "DIP", "NET_7", "", "C", 78.7402, 78.7402, 39.3701, 39.3701, 90],
		[97, "U4_5", -499.6063, -500, "T", "DIP", "NET_8", "", "C", 78.7402, 78.7402, 39.3701, 39.3701, 90],
		[98, "U4_5", -499.6063, -500, "B", "DIP", "NET_8", "", "C", 78.7402, 78.7402, 39.3701, 39.3701, 90],
		[99, "U4_6", -399.6063, -500, "T", "DIP", "NET_9", "", "C", 78.7402, 78.7402, 39.3701, 39.3701, 90],
		[100, "U4_6", -399.6063, -500, "B", "DIP", "NET_9", "", "C", 78.7402, 78.7402, 39.3701, 39.3701, 90],
		[101, "U4_7", -299.6063, -500, "T", "DIP", "NET_10", "", "C", 78.7402, 78.7402, 39.3701, 39.3701, 90],
		[102, "U4_7", -299.6063, -500, "B", "DIP", "NET_10", "", "C", 78.7402, 78.7402, 39.3701, 39.3701, 90],
		[103, "U4_8", -199.6063, -500, "T", "DIP", "$1N4246", "", "C", 78.7402, 78.7402, 39.3701, 39.3701, 90],
		[104, "U4_8", -199.6063, -500, "B", "DIP", "$1N4246", "", "C", 78.7402, 78.7402, 39.3701, 39.3701, 90],
		[105, "U4_9", -99.6063, -500, "T", "DIP", "$1N4237", "", "C", 78.7402, 78.7402, 39.3701, 39.3701, 90],
		[106, "U4_9", -99.6063, -500, "B", "DIP", "$1N4237", "", "C", 78.7402, 78.7402, 39.3701, 39.3701, 90],
		[107, "U4_10", 0, -500, "T", "DIP", "$1N4228", "", "C", 78.7402, 78.7402, 39.3701, 39.3701, 90],
		[108, "U4_10", 0, -500, "B", "DIP", "$1N4228", "", "C", 78.7402, 78.7402, 39.3701, 39.3701, 90],
		[109, "U4_11", 100.3937, -500, "T", "DIP", "$1N4221", "", "C", 78.7402, 78.7402, 39.3701, 39.3701, 90],
		[110, "U4_11", 100.3937, -500, "B", "DIP", "$1N4221", "", "C", 78.7402, 78.7402, 39.3701, 39.3701, 90],
		[111, "U4_12", 200.3937, -500, "T", "DIP", "$1N4211", "", "C", 78.7402, 78.7402, 39.3701, 39.3701, 90],
		[112, "U4_12", 200.3937, -500, "B", "DIP", "$1N4211", "", "C", 78.7402, 78.7402, 39.3701, 39.3701, 90],
		[113, "U4_13", 300.3937, -500, "T", "DIP", "NET_11", "", "C", 78.7402, 78.7402, 39.3701, 39.3701, 90],
		[114, "U4_13", 300.3937, -500, "B", "DIP", "NET_11", "", "C", 78.7402, 78.7402, 39.3701, 39.3701, 90],
		[115, "U4_14", 400.3937, -500, "T", "DIP", "GND", "GND", "R", 68.8976, 68.8976, 39.3701, 39.3701, 90],
		[116, "U4_14", 400.3937, -500, "B", "DIP", "GND", "GND", "R", 68.8976, 68.8976, 39.3701, 39.3701, 90],
		[117, "U4_15", 500.3937, -500, "T", "DIP", "NET_12", "", "C", 78.7402, 78.7402, 39.3701, 39.3701, 90],
		[118, "U4_15", 500.3937, -500, "B", "DIP", "NET_12", "", "C", 78.7402, 78.7402, 39.3701, 39.3701, 90],
		[119, "U4_16", 600.3937, -500, "T", "DIP", "NET_13", "", "C", 78.7402, 78.7402, 39.3701, 39.3701, 90],
		[120, "U4_16", 600.3937, -500, "B", "DIP", "NET_13", "", "C", 78.7402, 78.7402, 39.3701, 39.3701, 90],
		[121, "U4_17", 700.3937, -500, "T", "DIP", "NET_14", "", "C", 78.7402, 78.7402, 39.3701, 39.3701, 90],
		[122, "U4_17", 700.3937, -500, "B", "DIP", "NET_14", "", "C", 78.7402, 78.7402, 39.3701, 39.3701, 90],
		[123, "U4_18", 800.3937, -500, "T", "DIP", "NET_15", "", "C", 78.7402, 78.7402, 39.3701, 39.3701, 90],
		[124, "U4_18", 800.3937, -500, "B", "DIP", "NET_15", "", "C", 78.7402, 78.7402, 39.3701, 39.3701, 90],
		[125, "U4_19", 900.3937, -500, "T", "DIP", "+5V", "", "C", 78.7402, 78.7402, 39.3701, 39.3701, 90],
		[126, "U4_19", 900.3937, -500, "B", "DIP", "+5V", "", "C", 78.7402, 78.7402, 39.3701, 39.3701, 90],
		[127, "U4_20", 900.3937, 500, "T", "DIP", "NET_16", "", "C", 78.7402, 78.7402, 39.3701, 39.3701, 90],
		[128, "U4_20", 900.3937, 500, "B", "DIP", "NET_16", "", "C", 78.7402, 78.7402, 39.3701, 39.3701, 90],
		[129, "U4_21", 800.3937, 500, "T", "DIP", "NET_17", "", "C", 78.7402, 78.7402, 39.3701, 39.3701, 90],
		[130, "U4_21", 800.3937, 500, "B", "DIP", "NET_17", "", "C", 78.7402, 78.7402, 39.3701, 39.3701, 90],
		[131, "U4_22", 700.3937, 500, "T", "DIP", "NET_18", "", "C", 78.7402, 78.7402, 39.3701, 39.3701, 90],
		[132, "U4_22", 700.3937, 500, "B", "DIP", "NET_18", "", "C", 78.7402, 78.7402, 39.3701, 39.3701, 90],
		[133, "U4_23", 600.3937, 500, "T", "DIP", "$1N6105", "", "C", 78.7402, 78.7402, 39.3701, 39.3701, 90],
		[134, "U4_23", 600.3937, 500, "B", "DIP", "$1N6105", "", "C", 78.7402, 78.7402, 39.3701, 39.3701, 90],
		[135, "U4_24", 500.3937, 500, "T", "DIP", "$1N6088", "", "C", 78.7402, 78.7402, 39.3701, 39.3701, 90],
		[136, "U4_24", 500.3937, 500, "B", "DIP", "$1N6088", "", "C", 78.7402, 78.7402, 39.3701, 39.3701, 90],
		[137, "U4_25", 400.3937, 500, "T", "DIP", "NET_19", "", "C", 78.7402, 78.7402, 39.3701, 39.3701, 90],
		[138, "U4_25", 400.3937, 500, "B", "DIP", "NET_19", "", "C", 78.7402, 78.7402, 39.3701, 39.3701, 90],
		[139, "U4_26", 300.3937, 500, "T", "DIP", "$1N6122", "", "C", 78.7402, 78.7402, 39.3701, 39.3701, 90],
		[140, "U4_26", 300.3937, 500, "B", "DIP", "$1N6122", "", "C", 78.7402, 78.7402, 39.3701, 39.3701, 90],
		[141, "U4_27", 200.3937, 500, "T", "DIP", "NET_20", "", "C", 78.7402, 78.7402, 39.3701, 39.3701, 90],
		[142, "U4_27", 200.3937, 500, "B", "DIP", "NET_20", "", "C", 78.7402, 78.7402, 39.3701, 39.3701, 90],
		[143, "U4_28", 100.3937, 500, "T", "DIP", "$1N5914", "", "C", 78.7402, 78.7402, 39.3701, 39.3701, 90],
		[144, "U4_28", 100.3937, 500, "B", "DIP", "$1N5914", "", "C", 78.7402, 78.7402, 39.3701, 39.3701, 90],
		[145, "U4_29", 0.3937, 500, "T", "DIP", "$1N5902", "", "C", 78.7402, 78.7402, 39.3701, 39.3701, 90],
		[146, "U4_29", 0.3937, 500, "B", "DIP", "$1N5902", "", "C", 78.7402, 78.7402, 39.3701, 39.3701, 90],
		[147, "U4_30", -99.6063, 500, "T", "DIP", "$1N6032", "", "C", 78.7402, 78.7402, 39.3701, 39.3701, 90],
		[148, "U4_30", -99.6063, 500, "B", "DIP", "$1N6032", "", "C", 78.7402, 78.7402, 39.3701, 39.3701, 90],
		[149, "U4_31", -199.6063, 500, "T", "DIP", "$1N5924", "", "C", 78.7402, 78.7402, 39.3701, 39.3701, 90],
		[150, "U4_31", -199.6063, 500, "B", "DIP", "$1N5924", "", "C", 78.7402, 78.7402, 39.3701, 39.3701, 90],
		[151, "U4_32", -299.6063, 500, "T", "DIP", "GND", "GND", "R", 68.8976, 68.8976, 39.3701, 39.3701, 90],
		[152, "U4_32", -299.6063, 500, "B", "DIP", "GND", "GND", "R", 68.8976, 68.8976, 39.3701, 39.3701, 90],
		[153, "U4_33", -399.6063, 500, "T", "DIP", "PIN_SDA", "", "C", 78.7402, 78.7402, 39.3701, 39.3701, 90],
		[154, "U4_33", -399.6063, 500, "B", "DIP", "PIN_SDA", "", "C", 78.7402, 78.7402, 39.3701, 39.3701, 90],
		[155, "U4_34", -499.6063, 500, "T", "DIP", "NET_21", "", "C", 78.7402, 78.7402, 39.3701, 39.3701, 90],
		[156, "U4_34", -499.6063, 500, "B", "DIP", "NET_21", "", "C", 78.7402, 78.7402, 39.3701, 39.3701, 90],
		[157, "U4_35", -599.6063, 500, "T", "DIP", "NET_22", "", "C", 78.7402, 78.7402, 39.3701, 39.3701, 90],
		[158, "U4_35", -599.6063, 500, "B", "DIP", "NET_22", "", "C", 78.7402, 78.7402, 39.3701, 39.3701, 90],
		[159, "U4_36", -699.6063, 500, "T", "DIP", "PIN_SCL", "", "C", 78.7402, 78.7402, 39.3701, 39.3701, 90],
		[160, "U4_36", -699.6063, 500, "B", "DIP", "PIN_SCL", "", "C", 78.7402, 78.7402, 39.3701, 39.3701, 90],
		[161, "U4_37", -799.6063, 500, "T", "DIP", "NET_23", "", "C", 78.7402, 78.7402, 39.3701, 39.3701, 90],
		[162, "U4_37", -799.6063, 500, "B", "DIP", "NET_23", "", "C", 78.7402, 78.7402, 39.3701, 39.3701, 90],
		[163, "U4_38", -899.6063, 500, "T", "DIP", "GND", "GND", "R", 68.8976, 68.8976, 39.3701, 39.3701, 90],
		[164, "U4_38", -899.6063, 500, "B", "DIP", "GND", "GND", "R", 68.8976, 68.8976, 39.3701, 39.3701, 90],
		[165, "U5_1", 861.61, -909.45, "B", "SMD", "GND", "GND", "R", 97.244, 38.583, 0, 0, 0],
		[166, "U5_2", 861.61, -1000, "B", "SMD", "NET_24", "", "R", 97.244, 38.583, 0, 0, 0],
		[167, "U5_3", 861.61, -1090.55, "B", "SMD", "+5V", "", "R", 97.244, 38.583, 0, 0, 0],
		[168, "U5_4", 638.39, -1000, "B", "SMD", "$1N6269", "", "R", 97.244, 141.732, 0, 0, 0],
		[169, "PAD1_1", -1800, 350, "T", "DIP", "PIN_3V3", "", "C", 98.4252, 98.4252, 59.0551, 59.0551, 90],
		[170, "PAD1_1", -1800, 350, "B", "DIP", "PIN_3V3", "", "C", 98.4252, 98.4252, 59.0551, 59.0551, 90],
		[171, "PAD2_2", -1800, 150, "T", "DIP", "PIN_SCL", "", "C", 98.4252, 98.4252, 59.0551, 59.0551, 90],
		[172, "PAD2_2", -1800, 150, "B", "DIP", "PIN_SCL", "", "C", 98.4252, 98.4252, 59.0551, 59.0551, 90],
		[173, "PAD3_3", -1800, -50, "T", "DIP", "PIN_SDA", "", "C", 98.4252, 98.4252, 59.0551, 59.0551, 90],
		[174, "PAD3_3", -1800, -50, "B", "DIP", "PIN_SDA", "", "C", 98.4252, 98.4252, 59.0551, 59.0551, 90],
		[175, "PAD4_4", -1800, -250, "T", "DIP", "GND", "GND", "R", 88.5827, 88.5827, 59.0551, 59.0551, 90],
		[176, "PAD4_4", -1800, -250, "B", "DIP", "GND", "GND", "R", 88.5827, 88.5827, 59.0551, 59.0551, 90],
		[177, "PAD5_2", 1150, -1750, "T", "DIP", "GND", "GND", "R", 62.9921, 62.9921, 39.3701, 39.3701, 90],
		[178, "PAD5_2", 1150, -1750, "B", "DIP", "GND", "GND", "R", 62.9921, 62.9921, 39.3701, 39.3701, 90],
		[179, "PAD6_1", 1150, 1750, "T", "DIP", "GND", "GND", "R", 62.9921, 62.9921, 39.3701, 39.3701, 90],
		[180, "PAD6_1", 1150, 1750, "B", "DIP", "GND", "GND", "R", 62.9921, 62.9921, 39.3701, 39.3701, 90],
		[181, "PAD7_1", -1150, 1750, "T", "DIP", "GND", "GND", "R", 62.9921, 62.9921, 39.3701, 39.3701, 90],
		[182, "PAD7_1", -1150, 1750, "B", "DIP", "GND", "GND", "R", 62.9921, 62.9921, 39.3701, 39.3701, 90],
		[183, "PAD8_1", -1150, -1750, "T", "DIP", "GND", "GND", "R", 62.9921, 62.9921, 39.3701, 39.3701, 90],
		[184, "PAD8_1", -1150, -1750, "B", "DIP", "GND", "GND", "R", 62.9921, 62.9921, 39.3701, 39.3701, 90],
		[185, "PAD9_1", 0, 1259.8425, "T", "DIP", "GND", "GND", "C", 177.1654, 177.1654, 157.4803, 157.4803, 0],
		[186, "PAD9_1", 0, 1259.8425, "B", "DIP", "GND", "GND", "C", 177.1654, 177.1654, 157.4803, 157.4803, 0],
		[187, "PAD10_1", 1259.8425, 0, "T", "DIP", "GND", "GND", "C", 177.1654, 177.1654, 157.4803, 157.4803, 0],
		[188, "PAD10_1", 1259.8425, 0, "B", "DIP", "GND", "GND", "C", 177.1654, 177.1654, 157.4803, 157.4803, 0],
		[189, "PAD11_1", 0, -1259.8425, "T", "DIP", "GND", "GND", "C", 177.1654, 177.1654, 157.4803, 157.4803, 0],
		[190, "PAD11_1", 0, -1259.8425, "B", "DIP", "GND", "GND", "C", 177.1654, 177.1654, 157.4803, 157.4803, 0],
		[191, "PAD12_1", -1259.8425, 0, "T", "DIP", "GND", "GND", "C", 177.1654, 177.1654, 157.4803, 157.4803, 0],
		[192, "PAD12_1", -1259.8425, 0, "B", "DIP", "GND", "GND", "C", 177.1654, 177.1654, 157.4803, 157.4803, 0],
		[193, "PAD13_1", 150, -816.1418, "T", "DIP", "GND", "GND", "R", 60, 60, 36, 36, 270],
		[194, "PAD13_1", 150, -816.1418, "B", "DIP", "GND", "GND", "R", 60, 60, 36, 36, 270],
		[195, "PAD14_2", 150, -916.1418, "T", "DIP", "$1N6269", "", "C", 60, 60, 36, 36, 270],
		[196, "PAD14_2", 150, -916.1418, "B", "DIP", "$1N6269", "", "C", 60, 60, 36, 36, 270],
		[197, "PAD15_3", 50, -816.1418, "T", "DIP", "$1N4211", "", "C", 60, 60, 36, 36, 270],
		[198, "PAD15_3", 50, -816.1418, "B", "DIP", "$1N4211", "", "C", 60, 60, 36, 36, 270],
		[199, "PAD16_4", 50, -916.1418, "T", "DIP", "$1N4221", "", "C", 60, 60, 36, 36, 270],
		[200, "PAD16_4", 50, -916.1418, "B", "DIP", "$1N4221", "", "C", 60, 60, 36, 36, 270],
		[201, "PAD17_5", -50, -816.1418, "T", "DIP", "$1N4228", "", "C", 60, 60, 36, 36, 270],
		[202, "PAD17_5", -50, -816.1418, "B", "DIP", "$1N4228", "", "C", 60, 60, 36, 36, 270],
		[203, "PAD18_6", -50, -916.1418, "T", "DIP", "$1N4246", "", "C", 60, 60, 36, 36, 270],
		[204, "PAD18_6", -50, -916.1418, "B", "DIP", "$1N4246", "", "C", 60, 60, 36, 36, 270],
		[205, "PAD19_7", -150, -816.1418, "T", "DIP", "$1N4237", "", "C", 60, 60, 36, 36, 270],
		[206, "PAD19_7", -150, -816.1418, "B", "DIP", "$1N4237", "", "C", 60, 60, 36, 36, 270],
		[207, "PAD20_1", 1700, 1500, "T", "DIP", "GND", "GND", "R", 53.1496, 53.1496, 35.4331, 35.4331, 90],
		[208, "PAD20_1", 1700, 1500, "B", "DIP", "GND", "GND", "R", 53.1496, 53.1496, 35.4331, 35.4331, 90],
		[209, "PAD21_3", 1700, 1700, "T", "DIP", "$1N5902", "", "C", 53.1496, 53.1496, 35.4331, 35.4331, 90],
		[210, "PAD21_3", 1700, 1700, "B", "DIP", "$1N5902", "", "C", 53.1496, 53.1496, 35.4331, 35.4331, 90],
		[211, "PAD22_1", -1700, -1500, "T", "DIP", "GND", "GND", "R", 53.1496, 53.1496, 35.4331, 35.4331, 270],
		[212, "PAD22_1", -1700, -1500, "B", "DIP", "GND", "GND", "R", 53.1496, 53.1496, 35.4331, 35.4331, 270],
		[213, "PAD23_3", -1700, -1700, "T", "DIP", "$1N5924", "", "C", 53.1496, 53.1496, 35.4331, 35.4331, 270],
		[214, "PAD23_3", -1700, -1700, "B", "DIP", "$1N5924", "", "C", 53.1496, 53.1496, 35.4331, 35.4331, 270],
		[215, "PAD24_1", -1700, 1700, "T", "DIP", "GND", "GND", "R", 53.1496, 53.1496, 35.4331, 35.4331, 270],
		[216, "PAD24_1", -1700, 1700, "B", "DIP", "GND", "GND", "R", 53.1496, 53.1496, 35.4331, 35.4331, 270],
		[217, "PAD25_3", -1700, 1500, "T", "DIP", "$1N6032", "", "C", 53.1496, 53.1496, 35.4331, 35.4331, 270],
		[218, "PAD25_3", -1700, 1500, "B", "DIP", "$1N6032", "", "C", 53.1496, 53.1496, 35.4331, 35.4331, 270],
		[219, "PAD26_1", 1700, -1700, "T", "DIP", "GND", "GND", "R", 53.1496, 53.1496, 35.4331, 35.4331, 90],
		[220, "PAD26_1", 1700, -1700, "B", "DIP", "GND", "GND", "R", 53.1496, 53.1496, 35.4331, 35.4331, 90],
		[221, "PAD27_2", 1700, -1600, "T", "DIP", "+5V", "", "C", 53.1496, 53.1496, 35.4331, 35.4331, 90],
		[222, "PAD27_2", 1700, -1600, "B", "DIP", "+5V", "", "C", 53.1496, 53.1496, 35.4331, 35.4331, 90],
		[223, "PAD28_3", 1700, -1500, "T", "DIP", "$1N5914", "", "C", 53.1496, 53.1496, 35.4331, 35.4331, 90],
		[224, "PAD28_3", 1700, -1500, "B", "DIP", "$1N5914", "", "C", 53.1496, 53.1496, 35.4331, 35.4331, 90],
		[225, "PAD29_1", 861.61, -909.45, "B", "SMD", "GND", "GND", "R", 97.244, 38.583, 0, 0, 0],
		[226, "PAD30_3", 861.61, -1090.55, "B", "SMD", "+5V", "", "R", 97.244, 38.583, 0, 0, 0],
		[227, "PAD31_4", 638.39, -1000, "B", "SMD", "$1N6269", "", "R", 97.244, 141.732, 0, 0, 0],
		[228, "PAD32_1", 444.1715, -1091.3536, "T", "DIP", "$1N6269", "", "C", 51.181, 51.181, 31.496, 31.496, 270],
		[229, "PAD32_1", 444.1715, -1091.3536, "B", "DIP", "$1N6269", "", "C", 51.181, 51.181, 31.496, 31.496, 270],
		[230, "PAD33_2", 444.1715, -1170.0936, "T", "DIP", "GND", "GND", "R", 51.181, 51.181, 31.496, 31.496, 270],
		[231, "PAD33_2", 444.1715, -1170.0936, "B", "DIP", "GND", "GND", "R", 51.181, 51.181, 31.496, 31.496, 270],
		[232, "PAD34_1", 400, -948.425, "T", "DIP", "$1N6269", "", "C", 59.055, 59.055, 31.496, 31.496, 90],
		[233, "PAD34_1", 400, -948.425, "B", "DIP", "$1N6269", "", "C", 59.055, 59.055, 31.496, 31.496, 90],
		[234, "PAD35_2", 400, -751.575, "T", "DIP", "GND", "GND", "R", 59.055, 59.055, 31.496, 31.496, 90],
		[235, "PAD35_2", 400, -751.575, "B", "DIP", "GND", "GND", "R", 59.055, 59.055, 31.496, 31.496, 90],
		[236, "PAD36_1", 1001.575, -1400, "T", "DIP", "GND", "GND", "R", 59.055, 59.055, 31.496, 31.496, 0],
		[237, "PAD36_1", 1001.575, -1400, "B", "DIP", "GND", "GND", "R", 59.055, 59.055, 31.496, 31.496, 0],
		[238, "PAD37_2", 1198.425, -1400, "T", "DIP", "+5V", "", "C", 59.055, 59.055, 31.496, 31.496, 0],
		[239, "PAD37_2", 1198.425, -1400, "B", "DIP", "+5V", "", "C", 59.055, 59.055, 31.496, 31.496, 0],
		[240, "PAD38_1", 1200, -1239.37, "T", "DIP", "+5V", "", "C", 51.181, 51.181, 31.496, 31.496, 90],
		[241, "PAD38_1", 1200, -1239.37, "B", "DIP", "+5V", "", "C", 51.181, 51.181, 31.496, 31.496, 90],
		[242, "PAD39_2", 1200, -1160.63, "T", "DIP", "GND", "GND", "R", 51.181, 51.181, 31.496, 31.496, 90],
		[243, "PAD39_2", 1200, -1160.63, "B", "DIP", "GND", "GND", "R", 51.181, 51.181, 31.496, 31.496, 90],
		[244, "PAD40_38", -899.6063, 500, "T", "DIP", "GND", "GND", "R", 68.8976, 68.8976, 39.3701, 39.3701, 90],
		[245, "PAD40_38", -899.6063, 500, "B", "DIP", "GND", "GND", "R", 68.8976, 68.8976, 39.3701, 39.3701, 90],
		[246, "PAD41_36", -699.6063, 500, "T", "DIP", "PIN_SCL", "", "C", 78.7402, 78.7402, 39.3701, 39.3701, 90],
		[247, "PAD41_36", -699.6063, 500, "B", "DIP", "PIN_SCL", "", "C", 78.7402, 78.7402, 39.3701, 39.3701, 90],
		[248, "PAD42_33", -399.6063, 500, "T", "DIP", "PIN_SDA", "", "C", 78.7402, 78.7402, 39.3701, 39.3701, 90],
		[249, "PAD42_33", -399.6063, 500, "B", "DIP", "PIN_SDA", "", "C", 78.7402, 78.7402, 39.3701, 39.3701, 90],
		[250, "PAD43_32", -299.6063, 500, "T", "DIP", "GND", "GND", "R", 68.8976, 68.8976, 39.3701, 39.3701, 90],
		[251, "PAD43_32", -299.6063, 500, "B", "DIP", "GND", "GND", "R", 68.8976, 68.8976, 39.3701, 39.3701, 90],
		[252, "PAD44_31", -199.6063, 500, "T", "DIP", "$1N5924", "", "C", 78.7402, 78.7402, 39.3701, 39.3701, 90],
		[253, "PAD44_31", -199.6063, 500, "B", "DIP", "$1N5924", "", "C", 78.7402, 78.7402, 39.3701, 39.3701, 90],
		[254, "PAD45_30", -99.6063, 500, "T", "DIP", "$1N6032", "", "C", 78.7402, 78.7402, 39.3701, 39.3701, 90],
		[255, "PAD45_30", -99.6063, 500, "B", "DIP", "$1N6032", "", "C", 78.7402, 78.7402, 39.3701, 39.3701, 90],
		[256, "PAD46_29", 0.3937, 500, "T", "DIP", "$1N5902", "", "C", 78.7402, 78.7402, 39.3701, 39.3701, 90],
		[257, "PAD46_29", 0.3937, 500, "B", "DIP", "$1N5902", "", "C", 78.7402, 78.7402, 39.3701, 39.3701, 90],
		[258, "PAD47_28", 100.3937, 500, "T", "DIP", "$1N5914", "", "C", 78.7402, 78.7402, 39.3701, 39.3701, 90],
		[259, "PAD47_28", 100.3937, 500, "B", "DIP", "$1N5914", "", "C", 78.7402, 78.7402, 39.3701, 39.3701, 90],
		[260, "PAD48_26", 300.3937, 500, "T", "DIP", "$1N6122", "", "C", 78.7402, 78.7402, 39.3701, 39.3701, 90],
		[261, "PAD48_26", 300.3937, 500, "B", "DIP", "$1N6122", "", "C", 78.7402, 78.7402, 39.3701, 39.3701, 90],
		[262, "PAD49_24", 500.3937, 500, "T", "DIP", "$1N6088", "", "C", 78.7402, 78.7402, 39.3701, 39.3701, 90],
		[263, "PAD49_24", 500.3937, 500, "B", "DIP", "$1N6088", "", "C", 78.7402, 78.7402, 39.3701, 39.3701, 90],
		[264, "PAD50_23", 600.3937, 500, "T", "DIP", "$1N6105", "", "C", 78.7402, 78.7402, 39.3701, 39.3701, 90],
		[265, "PAD50_23", 600.3937, 500, "B", "DIP", "$1N6105", "", "C", 78.7402, 78.7402, 39.3701, 39.3701, 90],
		[266, "PAD51_19", 900.3937, -500, "T", "DIP", "+5V", "", "C", 78.7402, 78.7402, 39.3701, 39.3701, 90],
		[267, "PAD51_19", 900.3937, -500, "B", "DIP", "+5V", "", "C", 78.7402, 78.7402, 39.3701, 39.3701, 90],
		[268, "PAD52_14", 400.3937, -500, "T", "DIP", "GND", "GND", "R", 68.8976, 68.8976, 39.3701, 39.3701, 90],
		[269, "PAD52_14", 400.3937, -500, "B", "DIP", "GND", "GND", "R", 68.8976, 68.8976, 39.3701, 39.3701, 90],
		[270, "PAD53_12", 200.3937, -500, "T", "DIP", "$1N4211", "", "C", 78.7402, 78.7402, 39.3701, 39.3701, 90],
		[271, "PAD53_12", 200.3937, -500, "B", "DIP", "$1N4211", "", "C", 78.7402, 78.7402, 39.3701, 39.3701, 90],
		[272, "PAD54_11", 100.3937, -500, "T", "DIP", "$1N4221", "", "C", 78.7402, 78.7402, 39.3701, 39.3701, 90],
		[273, "PAD54_11", 100.3937, -500, "B", "DIP", "$1N4221", "", "C", 78.7402, 78.7402, 39.3701, 39.3701, 90],
		[274, "PAD55_10", 0, -500, "T", "DIP", "$1N4228", "", "C", 78.7402, 78.7402, 39.3701, 39.3701, 90],
		[275, "PAD55_10", 0, -500, "B", "DIP", "$1N4228", "", "C", 78.7402, 78.7402, 39.3701, 39.3701, 90],
		[276, "PAD56_9", -99.6063, -500, "T", "DIP", "$1N4237", "", "C", 78.7402, 78.7402, 39.3701, 39.3701, 90],
		[277, "PAD56_9", -99.6063, -500, "B", "DIP", "$1N4237", "", "C", 78.7402, 78.7402, 39.3701, 39.3701, 90],
		[278, "PAD57_8", -199.6063, -500, "T", "DIP", "$1N4246", "", "C", 78.7402, 78.7402, 39.3701, 39.3701, 90],
		[279, "PAD57_8", -199.6063, -500, "B", "DIP", "$1N4246", "", "C", 78.7402, 78.7402, 39.3701, 39.3701, 90],
		[280, "PAD58_1", -899.6063, -500, "T", "DIP", "PIN_3V3", "", "C", 78.7402, 78.7402, 39.3701, 39.3701, 90],
		[281, "PAD58_1", -899.6063, -500, "B", "DIP", "PIN_3V3", "", "C", 78.7402, 78.7402, 39.3701, 39.3701, 90],
		[282, "PAD59_1", 1150, 800, "T", "DIP", "$1N5182", "", "O", 42.1259, 70.866, 35.433, 35.433, 90],
		[283, "PAD59_1", 1150, 800, "B", "DIP", "$1N5182", "", "O", 42.1259, 70.866, 35.433, 35.433, 90],
		[284, "PAD60_2", 1150, 849.9999, "T", "DIP", "GND", "GND", "R", 42.1259, 70.866, 35.433, 35.433, 90],
		[285, "PAD60_2", 1150, 849.9999, "B", "DIP", "GND", "GND", "R", 42.1259, 70.866, 35.433, 35.433, 90],
		[286, "PAD61_3", 1150, 899.9998, "T", "DIP", "$1N5193", "", "O", 42.1259, 70.866, 35.433, 35.433, 90],
		[287, "PAD61_3", 1150, 899.9998, "B", "DIP", "$1N5193", "", "O", 42.1259, 70.866, 35.433, 35.433, 90],
		[288, "PAD62_4", 1150, 949.9997, "T", "DIP", "$1N5198", "", "O", 42.1259, 70.866, 35.433, 35.433, 90],
		[289, "PAD62_4", 1150, 949.9997, "B", "DIP", "$1N5198", "", "O", 42.1259, 70.866, 35.433, 35.433, 90],
		[290, "PAD63_1", 500, 700, "T", "DIP", "$1N6088", "", "C", 74, 74, 35.4, 35.4, 0],
		[291, "PAD63_1", 500, 700, "B", "DIP", "$1N6088", "", "C", 74, 74, 35.4, 35.4, 0],
		[292, "PAD64_2", 900, 700, "T", "DIP", "$1N5182", "", "C", 74, 74, 35.4, 35.4, 0],
		[293, "PAD64_2", 900, 700, "B", "DIP", "$1N5182", "", "C", 74, 74, 35.4, 35.4, 0],
		[294, "PAD65_1", 500, 850, "T", "DIP", "$1N6122", "", "C", 74, 74, 35.4, 35.4, 0],
		[295, "PAD65_1", 500, 850, "B", "DIP", "$1N6122", "", "C", 74, 74, 35.4, 35.4, 0],
		[296, "PAD66_2", 900, 850, "T", "DIP", "$1N5193", "", "C", 74, 74, 35.4, 35.4, 0],
		[297, "PAD66_2", 900, 850, "B", "DIP", "$1N5193", "", "C", 74, 74, 35.4, 35.4, 0],
		[298, "PAD67_1", 500, 1000, "T", "DIP", "$1N6105", "", "C", 74, 74, 35.4, 35.4, 0],
		[299, "PAD67_1", 500, 1000, "B", "DIP", "$1N6105", "", "C", 74, 74, 35.4, 35.4, 0],
		[300, "PAD68_2", 900, 1000, "T", "DIP", "$1N5198", "", "C", 74, 74, 35.4, 35.4, 0],
		[301, "PAD68_2", 900, 1000, "B", "DIP", "$1N5198", "", "C", 74, 74, 35.4, 35.4, 0],
		[302, "PAD69_1", -1400, 460.63, "T", "DIP", "PIN_3V3", "", "C", 51.181, 51.181, 31.496, 31.496, 90],
		[303, "PAD69_1", -1400, 460.63, "B", "DIP", "PIN_3V3", "", "C", 51.181, 51.181, 31.496, 31.496, 90],
		[304, "PAD70_2", -1400, 539.37, "T", "DIP", "GND", "GND", "C", 51.181, 51.181, 31.496, 31.496, 90],
		[305, "PAD70_2", -1400, 539.37, "B", "DIP", "GND", "GND", "C", 51.181, 51.181, 31.496, 31.496, 90]
	]
}
}