{
"lengthUnit": "mil",
"remark": [],
"components": {
	"fields": ["COMPONENT_NO", "COMPONENT_NAME", "LAYER", "X_COORDINATE", "Y_COORDINATE", "ANGLE"],
	"rows": [
		[1, "C1", "T", -787.4016, 354.3307, 90],
		[2, "C2", "B", 0, 157.4803, 180],
		[3, "SCREW1", "T", -590.5512, 590.5512, 0],
		[4, "SCREW2", "T", 590.5512, 590.5512, 0],
		[5, "SCREW3", "T", 590.5512, -590.5512, 0],
		[6, "SCREW4", "T", -590.5512, -590.5512, 0],
		[7, "U1", "T", 0, 0, 90],
		[8, "U2", "B", 866.1418, 314.9606, 180],
		[9, "PAD1", "T", -787.4, 59.055, 0],
		[10, "PAD1", "B", -787.4, 59.055, 0],
		[11, "PAD2", "T", -787.4, -59.055, 0],
		[12, "PAD2", "B", -787.4, -59.055, 0],
		[13, "PAD3", "T", -787.4, 177.165, 0],
		[14, "PAD3", "B", -787.4, 177.165, 0],
		[15, "PAD4", "T", -787.4, -177.165, 0],
		[16, "PAD4", "B", -787.4, -177.165, 0],
		[17, "PAD5", "T", -593.0512, 593.0512, 0],
		[18, "PAD5", "B", -593.0512, 593.0512, 0],
		[19, "PAD6", "T", 588.0512, 593.0512, 0],
		[20, "PAD6", "B", 588.0512, 593.0512, 0],
		[21, "PAD7", "T", 588.0512, -588.0512, 0],
		[22, "PAD7", "B", 588.0512, -588.0512, 0],
		[23, "PAD8", "T", -593.0512, -588.0512, 0],
		[24, "PAD8", "B", -593.0512, -588.0512, 0],
		[25, "PAD9", "T", -350, -250, 0],
		[26, "PAD9", "B", -350, -250, 0],
		[27, "PAD10", "T", -250, -250, 0],
		[28, "PAD10", "B", -250, -250, 0],
		[29, "PAD11", "T", -150, -250, 0],
		[30, "PAD11", "B", -150, -250, 0],
		[31, "PAD12", "T", -50, -250, 0],
		[32, "PAD12", "B", -50, -250, 0],
		[33, "PAD13", "T", -300, 200, 0],
		[34, "PAD13", "B", -300, 200, 0],
		[35, "PAD14", "T", 300, 200, 0],
		[36, "PAD14", "B", 300, 200, 0],
		[37, "PAD15", "T", 811.1418, -40.0394, 0],
		[38, "PAD15", "B", 811.1418, -40.0394, 0],
		[39, "PAD16", "T", 811.1418, 59.9606, 0],
		[40, "PAD16", "B", 811.1418, 59.9606, 0],
		[41, "PAD17", "T", 811.1418, 159.9606, 0],
		[42, "PAD17", "B", 811.1418, 159.9606, 0],
		[43, "PAD18", "T", 811.1418, 259.9606, 0],
		[44, "PAD18", "B", 811.1418, 259.9606, 0],
		[45, "PAD19", "T", -787.4016, 314.9607, 0],
		[46, "PAD19", "B", -787.4016, 314.9607, 0],
		[47, "PAD20", "T", -787.4016, 393.7007, 0],
		[48, "PAD20", "B", -787.4016, 393.7007, 0],
		[49, "PAD21", "T", 98.425, 157.4803, 0],
		[50, "PAD21", "B", 98.425, 157.4803, 0],
		[51, "PAD22", "T", -98.425, 157.4803, 0],
		[52, "PAD22", "B", -98.425, 157.4803, 0]
	]
},
"pins": {
	"fields": ["PIN_NO", "PIN_NAME", "PIN_X", "PIN_Y", "LAYER", "PIN_TYPE", "NET_NAME", "NET_TYPE", "PAD_SHAPE", "PAD_SIZEX", "PAD_SIZEY", "HOLE_SIZE", "HOLE_LEN", "PAD_ANGLE"],
	"rows": [
		[1, "C1_1", -787.4016, 314.9607, "T", "DIP", "PIN_VCC", "", "C", 51.181, 51.181, 31.496, 31.496, 90],
		[2, "C1_1", -787.4016, 314.9607, "B", "DIP", "PIN_VCC", "", "C", 51.181, 51.181, 31.496, 31.496, 90],
		[3, "C1_2", -787.4016, 393.7007, "T", "DIP", "GND", "GND", "R", 51.181, 51.181, 31.496, 31.496, 90],
		[4, "C1_2", -787.4016, 393.7007, "B", "DIP", "GND", "GND", "R", 51.181, 51.181, 31.496, 31.496, 90],
		[5, "C2_1", 98.425, 157.4803, "T", "DIP", "GND", "GND", "R", 59.055, 59.055, 31.496, 31.496, 180],
		[6, "C2_1", 98.425, 157.4803, "B", "DIP", "GND", "GND", "R", 59.055, 59.055, 31.496, 31.496, 180],
		[7, "C2_2", -98.425, 157.4803, "T", "DIP", "PIN_VCC", "", "C", 59.055, 59.055, 31.496, 31.496, 180],
		[8, "C2_2", -98.425, 157.4803, "B", "DIP", "PIN_VCC", "", "C", 59.055, 59.055, 31.496, 31.496, 180],
		[9, "SCREW1_1", -593.0512, 593.0512, "T", "DIP", "GND", "GND", "C", 126, 126, 126, 126, 0],
		[10, "SCREW1_1", -593.0512, 593.0512, "B", "DIP", "GND", "GND", "C", 126, 126, 126, 126, 0],
		[11, "SCREW2_1", 588.0512, 593.0512, "T", "DIP", "GND", "GND", "C", 126, 126, 126, 126, 0],
		[12, "SCREW2_1", 588.0512, 593.0512, "B", "DIP", "GND", "GND", "C", 126, 126, 126, 126, 0],
		[13, "SCREW3_1", 588.0512, -588.0512, "T", "DIP", "GND", "GND", "C", 126, 126, 126, 126, 0],
		[14, "SCREW3_1", 588.0512, -588.0512, "B", "DIP", "GND", "GND", "C", 126, 126, 126, 126, 0],
		[15, "SCREW4_1", -593.0512, -588.0512, "T", "DIP", "GND", "GND", "C", 126, 126, 126, 126, 0],
		[16, "SCREW4_1", -593.0512, -588.0512, "B", "DIP", "GND", "GND", "C", 126, 126, 126, 126, 0],
		[17, "U1_1", -350, -250, "T", "DIP", "PIN_VCC", "", "C", 60, 60, 36, 36, 90],
		[18, "U1_1", -350, -250, "B", "DIP", "PIN_VCC", "", "C", 60, 60, 36, 36, 90],
		[19, "U1_2", -250, -250, "T", "DIP", "GND", "GND", "R", 60, 60, 36, 36, 90],
		[20, "U1_2", -250, -250, "B", "DIP", "GND", "GND", "R", 60, 60, 36, 36, 90],
		[21, "U1_2", -300, 200, "T", "DIP", "GND", "GND", "C", 157.4803, 157.4803, 118.1102, 118.1102, 90],
		[22, "U1_2", -300, 200, "B", "DIP", "GND", "GND", "C", 157.4803, 157.4803, 118.1102, 118.1102, 90],
		[23, "U1_2", 300, 200, "T", "DIP", "GND", "GND", "C", 157.4803, 157.4803, 118.1102, 118.1102, 90],
		[24, "U1_2", 300, 200, "B", "DIP", "GND", "GND", "C", 157.4803, 157.4803, 118.1102, 118.1102, 90],
		[25, "U1_3", -150, -250, "T", "DIP", "PIN_SCL", "", "C", 60, 60, 36, 36, 90],
		[26, "U1_3", -150, -250, "B", "DIP", "PIN_SCL", "", "C", 60, 60, 36, 36, 90],
		[27, "U1_4", -50, -250, "T", "DIP", "PIN_SDA", "", "C", 60, 60, 36, 36, 90],
		[28, "U1_4", -50, -250, "B", "DIP", "PIN_SDA", "", "C", 60, 60, 36, 36, 90],
		[29, "U1_5", 50, -250, "T", "DIP", "NET_1", "", "C", 60, 60, 36, 36, 90],
		[30, "U1_5", 50, -250, "B", "DIP", "NET_1", "", "C", 60, 60, 36, 36, 90],
		[31, "U1_6", 150, -250, "T", "DIP", "NET_2", "", "C", 60, 60, 36, 36, 90],
		[32, "U1_6", 150, -250, "B", "DIP", "NET_2", "", "C", 60, 60, 36, 36, 90],
		[33, "U1_7", 250, -250, "T", "DIP", "NET_3", "", "C", 60, 60, 36, 36, 90],
		[34, "U1_7", 250, -250, "B", "DIP", "NET_3", "", "C", 60, 60, 36, 36, 90],
		[35, "U1_8", 350, -250, "T", "DIP", "NET_4", "", "C", 60, 60, 36, 36, 90],
		[36, "U1_8", 350, -250, "B", "DIP", "NET_4", "", "C", 60, 60, 36, 36, 90],
		[37, "U2_1", 811.1418, 259.9606, "T", "DIP", "PIN_VCC", "", "C", 60, 60, 35.984, 35.984, 0],
		[38, "U2_1", 811.1418, 259.9606, "B", "DIP", "PIN_VCC", "", "C", 60, 60, 35.984, 35.984, 0],
		[39, "U2_2", 811.1418, 159.9606, "T", "DIP", "GND", "GND", "R", 60, 60, 35.984, 35.984, 0],
		[40, "U2_2", 811.1418, 159.9606, "B", "DIP", "GND", "GND", "R", 60, 60, 35.984, 35.984, 0],
		[41, "U2_3", 811.1418, 59.9606, "T", "DIP", "PIN_SCL", "", "C", 60, 60, 35.984, 35.984, 0],
		[42, "U2_3", 811.1418, 59.9606, "B", "DIP", "PIN_SCL", "", "C", 60, 60, 35.984, 35.984, 0],
		[43, "U2_4", 811.1418, -40.0394, "T", "DIP", "PIN_SDA", "", "C", 60, 60, 35.984, 35.984, 0],
		[44, "U2_4", 811.1418, -40.0394, "B", "DIP", "PIN_SDA", "", "C", 60, 60, 35.984, 35.984, 0],
		[45, "U2_5", 811.1418, -140.0394, "T", "DIP", "NET_5", "", "C", 60, 60, 35.984, 35.984, 0],
		[46, "U2_5", 811.1418, -140.0394, "B", "DIP", "NET_5", "", "C", 60, 60, 35.984, 35.984, 0],
		[47, "U2_6", 811.1418, -240.0394, "T", "DIP", "NET_6", "", "C", 60, 60, 35.984, 35.984, 0],
		[48, "U2_6", 811.1418, -240.0394, "B", "DIP", "NET_6", "", "C", 60, 60, 35.984, 35.984, 0],
		[49, "PAD1_2", -787.4, 59.055, "T", "DIP", "PIN_SCL", "", "C", 98.4252, 98.4252, 59.0551, 59.0551, 0],
		[50, "PAD1_2", -787.4, 59.055, "B", "DIP", "PIN_SCL", "", "C", 98.4252, 98.4252, 59.0551, 59.0551, 0],
		[51, "PAD2_3", -787.4, -59.055, "T", "DIP", "PIN_SDA", "", "C", 98.4252, 98.4252, 59.0551, 59.0551, 0],
		[52, "PAD2_3", -787.4, -59.055, "B", "DIP", "PIN_SDA", "", "C", 98.4252, 98.4252, 59.0551, 59.0551, 0],
		[53, "PAD3_1", -787.4, 177.165, "T", "DIP", "PIN_VCC", "", "C", 98.4252, 98.4252, 59.0551, 59.0551, 0],
		[54, "PAD3_1", -787.4, 177.165, "B", "DIP", "PIN_VCC", "", "C", 98.4252, 98.4252, 59.0551, 59.0551, 0],
		[55, "PAD4_4", -787.4, -177.165, "T", "DIP", "GND", "GND", "R", 88.5827, 88.5827, 59.0551, 59.0551, 0],
		[56, "PAD4_4", -787.4, -177.165, "B", "DIP", "GND", "GND", "R", 88.5827, 88.5827, 59.0551, 59.0551, 0],
		[57, "PAD5_1", -593.0512, 593.0512, "T", "DIP", "GND", "GND", "C", 126, 126, 126, 126, 0],
		[58, "PAD5_1", -593.0512, 593.0512, "B", "DIP", "GND", "GND", "C", 126, 126, 126, 126, 0],
		[59, "PAD6_1", 588.0512, 593.0512, "T", "DIP", "GND", "GND", "C", 126, 126, 126, 126, 0],
		[60, "PAD6_1", 588.0512, 593.0512, "B", "DIP", "GND", "GND", "C", 126, 126, 126, 126, 0],
		[61, "PAD7_1", 588.0512, -588.0512, "T", "DIP", "GND", "GND", "C", 126, 126, 126, 126, 0],
		[62, "PAD7_1", 588.0512, -588.0512, "B", "DIP", "GND", "GND", "C", 126, 126, 126, 126, 0],
		[63, "PAD8_1", -593.0512, -588.0512, "T", "DIP", "GND", "GND", "C", 126, 126, 126, 126, 0],
		[64, "PAD8_1", -593.0512, -588.0512, "B", "DIP", "GND", "GND", "C", 126, 126, 126, 126, 0],
		[65, "PAD9_1", -350, -250, "T", "DIP", "PIN_VCC", "", "C", 60, 60, 36, 36, 90],
		[66, "PAD9_1", -350, -250, "B", "DIP", "PIN_VCC", "", "C", 60, 60, 36, 36, 90],
		[67, "PAD10_2", -250, -250, "T", "DIP", "GND", "GND", "R", 60, 60, 36, 36, 90],
		[68, "PAD10_2", -250, -250, "B", "DIP", "GND", "GND", "R", 60, 60, 36, 36, 90],
		[69, "PAD11_3", -150, -250, "T", "DIP", "PIN_SCL", "", "C", 60, 60, 36, 36, 90],
		[70, "PAD11_3", -150, -250, "B", "DIP", "PIN_SCL", "", "C", 60, 60, 36, 36, 90],
		[71, "PAD12_4", -50, -250, "T", "DIP", "PIN_SDA", "", "C", 60, 60, 36, 36, 90],
		[72, "PAD12_4", -50, -250, "B", "DIP", "PIN_SDA", "", "C", 60, 60, 36, 36, 90],
		[73, "PAD13_2", -300, 200, "T", "DIP", "GND", "GND", "C", 157.4803, 157.4803, 118.1102, 118.1102, 90],
		[74, "PAD13_2", -300, 200, "B", "DIP", "GND", "GND", "C", 157.4803, 157.4803, 118.1102, 118.1102, 90],
		[75, "PAD14_2", 300, 200, "T", "DIP", "GND", "GND", "C", 157.4803, 157.4803, 118.1102, 118.1102, 90],
		[76, "PAD14_2", 300, 200, "B", "DIP", "GND", "GND", "C", 157.4803, 157.4803, 118.1102, 118.1102, 90],
		[77, "PAD15_4", 811.1418, -40.0394, "T", "DIP", "PIN_SDA", "", "C", 60, 60, 35.984, 35.984, 0],
		[78, "PAD15_4", 811.1418, -40.0394, "B", "DIP", "PIN_SDA", "", "C", 60, 60, 35.984, 35.984, 0],
		[79, "PAD16_3", 811.1418, 59.9606, "T", "DIP", "PIN_SCL", "", "C", 60, 60, 35.984, 35.984, 0],
		[80, "PAD16_3", 811.1418, 59.9606, "B", "DIP", "PIN_SCL", "", "C", 60, 60, 35.984, 35.984, 0],
		[81, "PAD17_2", 811.1418, 159.9606, "T", "DIP", "GND", "GND", "R", 60, 60, 35.984, 35.984, 0],
		[82, "PAD17_2", 811.1418, 159.9606, "B", "DIP", "GND", "GND", "R", 60, 60, 35.984, 35.984, 0],
		[83, "PAD18_1", 811.1418, 259.9606, "T", "DIP", "PIN_VCC", "", "C", 60, 60, 35.984, 35.984, 0],
		[84, "PAD18_1", 811.1418, 259.9606, "B", "DIP", "PIN_VCC", "", "C", 60, 60, 35.984, 35.984, 0],
		[85, "PAD19_1", -787.4016, 314.9607, "T", "DIP", "PIN_VCC", "", "C", 51.181, 51.181, 31.496, 31.496, 90],
		[86, "PAD19_1", -787.4016, 314.9607, "B", "DIP", "PIN_VCC", "", "C", 51.181, 51.181, 31.496, 31.496, 90],
		[87, "PAD20_2", -787.4016, 393.7007, "T", "DIP", "GND", "GND", "R", 51.181, 51.181, 31.496, 31.496, 90],
		[88, "PAD20_2", -787.4016, 393.7007, "B", "DIP", "GND", "GND", "R", 51.181, 51.181, 31.496, 31.496, 90],
		[89, "PAD21_1", 98.425, 157.4803, "T", "DIP", "GND", "GND", "R", 59.055, 59.055, 31.496, 31.496, 180],
		[90, "PAD21_1", 98.425, 157.4803, "B", "DIP", "GND", "GND", "R", 59.055, 59.055, 31.496, 31.496, 180],
		[91, "PAD22_2", -98.425, 157.4803, "T", "DIP", "PIN_VCC", "", "C", 59.055, 59.055, 31.496, 31.496, 180],
		[92, "PAD22_2", -98.425, 157.4803, "B", "DIP", "PIN_VCC", "", "C", 59.055, 59.055, 31.496, 31.496, 180]
	]
}
}